file,storage,train-time,codisp-time,test-time,best-F1,precision,recall,best-threshold
42d661.csv,2499768.0,25.991491556167603,479.95118832588196,469.48311042785645,0.6079598871827013,0.749034749034749,0.5116033755274262,2718.601717188578
