file,storage,train-time,codisp-time,test-time,best-F1,precision,recall,best-threshold
6efa3a.csv,2348440.0,33.33784580230713,652.8288633823395,468.535936832428,0.7688901190146693,0.75,0.7887563884156729,2856.167558717589
