file,storage,train-time,codisp-time,test-time,best-F1,precision,recall,best-threshold
42d661.csv,2499768.0,31.410542726516724,516.3754155635834,527.3302199840546,0.583963691376702,0.6848828956706884,0.5089662447257384,2550.5215269377254
