file,storage,train-time,codisp-time,test-time,best-F1,precision,recall,best-threshold
da10a6.csv,1646704.0,26.028393268585205,322.369588136673,297.2623600959778,0.6686734035691249,0.8853672423609793,0.5371948410870566,3708.350404824365
