file,storage,train-time,codisp-time,test-time,best-F1,precision,recall,best-threshold
da10a6.csv,1784368.0,28.68827795982361,374.6254391670227,342.29432225227356,0.6669599095136357,0.740787269681742,0.6065142857142857,936.8560504205326
