file,storage,train-time,codisp-time,test-time,best-F1,precision,recall,best-threshold
6a757d.csv,1849656.0,9.494609594345093,296.0132076740265,267.47868371009827,0.19092260203498343,0.11241249326871298,0.6330553449583017,120.31183701722654
