file,storage,train-time,codisp-time,test-time,best-F1,precision,recall,best-threshold
normalized-6efa3a.csv,2342704.0,27.55032253265381,541.2991299629211,481.7400815486908,0.7385328981274694,0.6760496933480107,0.8137421919363997,1857.686274774182
