file,storage,train-time,codisp-time,test-time,best-F1,precision,recall,best-threshold
adb2fd.csv,2499744.0,26.570942163467407,489.22033762931824,481.73290181159973,0.5087719298245614,0.5023094688221709,0.5154028436018957,1523.9786335015212
