file,storage,train-time,codisp-time,test-time,best-F1,precision,recall,best-threshold
6d1114.csv,2499552.0,26.203665733337402,400.4643895626068,437.28243494033813,0.4406947890818859,0.35406698564593303,0.5834428383705651,5016.011552645411
