file,storage,train-time,codisp-time,test-time,best-F1,precision,recall,best-threshold
da10a6.csv,1646704.0,36.39766025543213,373.4780418872833,299.86706495285034,0.6188156179235573,0.7656647987773816,0.5192307692307693,1127.9171696476749
