file,storage,train-time,codisp-time,test-time,best-F1,precision,recall,best-threshold
da10a6.csv,1784368.0,41.84825348854065,359.7930989265442,310.0485665798187,0.6658226067384118,0.865739893908908,0.5409142857142857,1756.1465517115228
