file,storage,train-time,codisp-time,test-time,best-F1,precision,recall,best-threshold
da10a6.csv,1784368.0,28.108859062194824,354.5661177635193,313.7666127681732,0.645660975180426,0.6634511033401664,0.6288,574.1817795587232
