file,storage,train-time,codisp-time,test-time,best-F1,precision,recall,best-threshold
6d1114.csv,2318192.0,30.391724348068237,444.08667182922363,393.29760241508484,0.28156424581005585,0.9130434782608695,0.166446499339498,13412.088286237138
