file,storage,train-time,codisp-time,test-time,best-F1,precision,recall,best-threshold
normalized-da10a6.csv,1778616.0,30.588197469711304,433.0137164592743,371.439658164978,0.6209087299336321,0.6157740774077408,0.6261297334401098,1191.0814691695969
