file,storage,train-time,codisp-time,test-time,best-F1,precision,recall,best-threshold
6d1114.csv,2499552.0,25.521491765975952,404.8616290092468,463.9623370170593,0.512119328775637,0.4858490566037736,0.5413929040735874,7468.411781120688
