file,storage,train-time,codisp-time,test-time,best-F1,precision,recall,best-threshold
42d661.csv,2499768.0,27.191395044326782,479.11146450042725,496.40411734580994,0.43956541421457673,0.3850118953211737,0.5121308016877637,1466.8366920291144
