file,storage,train-time,codisp-time,test-time,best-F1,precision,recall,best-threshold
da10a6.csv,1646704.0,26.51691460609436,286.38771748542786,275.98845744132996,0.6114692153811959,0.5908505154639175,0.633578995854445,607.6876722170182
