file,recall,precision,F1-score,storage,time
tps-10.0.210.32.csv,0.9230769230769231,0.6242228598756576,0.7292448399456186,407744.0,158.247727060318
